"","state","period","affiliation","state_bundeslaender","election_date","partyname_short","link_notes"
"1","bb",3,"cdu","BB","1999-09-05","CDU",NA
"2","bb",3,"dvu","BB","1999-09-05","DVU",NA
"3","bb",3,"lin","BB","1999-09-05","Linke",NA
"4","bb",3,"spd","BB","1999-09-05","SPD",NA
"5","bb",4,"cdu","BB","2004-09-19","CDU",NA
"6","bb",4,"dvu","BB","2004-09-19","DVU",NA
"7","bb",4,"lin","BB","2004-09-19","Linke",NA
"8","bb",4,"spd","BB","2004-09-19","SPD",NA
"9","bb",5,"cdu","BB","2009-09-27","CDU",NA
"10","bb",5,"fdp","BB","2009-09-27","FDP",NA
"11","bb",5,"grn","BB","2009-09-27","Grüne",NA
"12","bb",5,"lin","BB","2009-09-27","Linke",NA
"13","bb",5,"spd","BB","2009-09-27","SPD",NA
"14","bb",6,"afd","BB","2014-09-14","AfD",NA
"15","bb",6,"cdu","BB","2014-09-14","CDU",NA
"16","bb",6,"frw","BB","2014-09-14","FW-BB",NA
"17","bb",6,"grn","BB","2014-09-14","Grüne",NA
"18","bb",6,"lin","BB","2014-09-14","Linke",NA
"19","bb",6,"spd","BB","2014-09-14","SPD",NA
"20","bb",7,"afd","BB","2019-09-01","AfD",NA
"21","bb",7,"cdu","BB","2019-09-01","CDU",NA
"22","bb",7,"frw","BB","2019-09-01","FW-BB",NA
"23","bb",7,"grn","BB","2019-09-01","Grüne",NA
"24","bb",7,"lin","BB","2019-09-01","Linke",NA
"25","bb",7,"spd","BB","2019-09-01","SPD",NA
"26","be",14,"cdu","BE","1999-10-10","CDU",NA
"27","be",14,"grn","BE","1999-10-10","Grüne",NA
"28","be",14,"lin","BE","1999-10-10","Linke",NA
"29","be",14,"spd","BE","1999-10-10","SPD",NA
"30","be",15,"cdu","BE","2001-10-21","CDU",NA
"31","be",15,"fdp","BE","2001-10-21","FDP",NA
"32","be",15,"grn","BE","2001-10-21","Grüne",NA
"33","be",15,"lin","BE","2001-10-21","Linke",NA
"34","be",15,"spd","BE","2001-10-21","SPD",NA
"35","be",16,"cdu","BE","2006-09-17","CDU",NA
"36","be",16,"fdp","BE","2006-09-17","FDP",NA
"37","be",16,"grn","BE","2006-09-17","Grüne",NA
"38","be",16,"lin","BE","2006-09-17","Linke",NA
"39","be",16,"spd","BE","2006-09-17","SPD",NA
"40","be",17,"cdu","BE","2011-09-18","CDU",NA
"41","be",17,"grn","BE","2011-09-18","Grüne",NA
"42","be",17,"lin","BE","2011-09-18","Linke",NA
"43","be",17,"pir","BE","2011-09-18","Piraten",NA
"44","be",17,"spd","BE","2011-09-18","SPD",NA
"45","be",18,"afd","BE","2016-09-18","AfD",NA
"46","be",18,"cdu","BE","2016-09-18","CDU",NA
"47","be",18,"fdp","BE","2016-09-18","FDP",NA
"48","be",18,"grn","BE","2016-09-18","Grüne",NA
"49","be",18,"lin","BE","2016-09-18","Linke",NA
"50","be",18,"spd","BE","2016-09-18","SPD",NA
"51","be",19,"afd","BE","2021-09-26;2023-02-12","AfD",NA
"52","be",19,"cdu","BE","2021-09-26;2023-02-12","CDU",NA
"53","be",19,"fdp","BE","2021-09-26;2023-02-12","FDP",NA
"54","be",19,"grn","BE","2021-09-26;2023-02-12","Grüne",NA
"55","be",19,"lin","BE","2021-09-26;2023-02-12","Linke",NA
"56","be",19,"spd","BE","2021-09-26;2023-02-12","SPD",NA
"57","bw",12,"cdu","BW","1996-03-24","CDU",NA
"58","bw",12,"fdp","BW","1996-03-24","FDP",NA
"59","bw",12,"grn","BW","1996-03-24","Grüne",NA
"60","bw",12,"rep","BW","1996-03-24","Rep",NA
"61","bw",12,"spd","BW","1996-03-24","SPD",NA
"62","bw",13,"cdu","BW","2001-03-25","CDU",NA
"63","bw",13,"fdp","BW","2001-03-25","FDP",NA
"64","bw",13,"grn","BW","2001-03-25","Grüne",NA
"65","bw",13,"spd","BW","2001-03-25","SPD",NA
"66","bw",14,"cdu","BW","2006-03-26","CDU",NA
"67","bw",14,"fdp","BW","2006-03-26","FDP",NA
"68","bw",14,"grn","BW","2006-03-26","Grüne",NA
"69","bw",14,"spd","BW","2006-03-26","SPD",NA
"70","bw",15,"cdu","BW","2011-03-27","CDU",NA
"71","bw",15,"fdp","BW","2011-03-27","FDP",NA
"72","bw",15,"grn","BW","2011-03-27","Grüne",NA
"73","bw",15,"spd","BW","2011-03-27","SPD",NA
"74","bw",16,"afd","BW","2016-03-13","AfD",NA
"75","bw",16,"cdu","BW","2016-03-13","CDU",NA
"76","bw",16,"fdp","BW","2016-03-13","FDP",NA
"77","bw",16,"grn","BW","2016-03-13","Grüne",NA
"78","bw",16,"spd","BW","2016-03-13","SPD",NA
"79","bw",17,"afd","BW","2021-03-14","AfD",NA
"80","bw",17,"cdu","BW","2021-03-14","CDU",NA
"81","bw",17,"fdp","BW","2021-03-14","FDP",NA
"82","bw",17,"grn","BW","2021-03-14","Grüne",NA
"83","bw",17,"spd","BW","2021-03-14","SPD",NA
"84","by",14,"csu","BY","1998-09-13","CSU",NA
"85","by",14,"grn","BY","1998-09-13","Grüne",NA
"86","by",14,"spd","BY","1998-09-13","SPD",NA
"87","by",15,"csu","BY","2003-09-21","CSU",NA
"88","by",15,"grn","BY","2003-09-21","Grüne",NA
"89","by",15,"spd","BY","2003-09-21","SPD",NA
"90","by",16,"csu","BY","2008-09-28","CSU",NA
"91","by",16,"fdp","BY","2008-09-28","FDP",NA
"92","by",16,"frw","BY","2008-09-28","FW-BY",NA
"93","by",16,"grn","BY","2008-09-28","Grüne",NA
"94","by",16,"spd","BY","2008-09-28","SPD",NA
"95","by",17,"csu","BY","2013-09-15","CSU",NA
"96","by",17,"frw","BY","2013-09-15","FW-BY",NA
"97","by",17,"grn","BY","2013-09-15","Grüne",NA
"98","by",17,"spd","BY","2013-09-15","SPD",NA
"99","by",18,"afd","BY","2018-10-14","AfD",NA
"100","by",18,"csu","BY","2018-10-14","CSU",NA
"101","by",18,"fdp","BY","2018-10-14","FDP",NA
"102","by",18,"frw","BY","2018-10-14","FW-BY",NA
"103","by",18,"grn","BY","2018-10-14","Grüne",NA
"104","by",18,"spd","BY","2018-10-14","SPD",NA
"105","hb",15,"cdu","HB","1999-06-06","CDU",NA
"106","hb",15,"dvu","HB","1999-06-06","DVU",NA
"107","hb",15,"grn","HB","1999-06-06","Grüne",NA
"108","hb",15,"spd","HB","1999-06-06","SPD",NA
"109","hb",16,"cdu","HB","2003-05-25","CDU",NA
"110","hb",16,"dvu","HB","2003-05-25","DVU",NA
"111","hb",16,"fdp","HB","2003-05-25","FDP",NA
"112","hb",16,"grn","HB","2003-05-25","Grüne",NA
"113","hb",16,"spd","HB","2003-05-25","SPD",NA
"114","hb",17,"biw","HB","2007-05-13","BIW",NA
"115","hb",17,"cdu","HB","2007-05-13","CDU",NA
"116","hb",17,"dvu","HB","2007-05-13","DVU",NA
"117","hb",17,"fdp","HB","2007-05-13","FDP",NA
"118","hb",17,"grn","HB","2007-05-13","Grüne",NA
"119","hb",17,"lin","HB","2007-05-13","Linke",NA
"120","hb",17,"spd","HB","2007-05-13","SPD",NA
"121","hb",18,"biw","HB","2011-05-22","BIW",NA
"122","hb",18,"cdu","HB","2011-05-22","CDU",NA
"123","hb",18,"grn","HB","2011-05-22","Grüne",NA
"124","hb",18,"lin","HB","2011-05-22","Linke",NA
"125","hb",18,"spd","HB","2011-05-22","SPD",NA
"126","hb",19,"afd","HB","2015-05-10","AfD",NA
"127","hb",19,"biw","HB","2015-05-10","BIW",NA
"128","hb",19,"cdu","HB","2015-05-10","CDU",NA
"129","hb",19,"fdp","HB","2015-05-10","FDP",NA
"130","hb",19,"grn","HB","2015-05-10","Grüne",NA
"131","hb",19,"lin","HB","2015-05-10","Linke",NA
"132","hb",19,"lkr","HB","2015-05-10",NA,NA
"133","hb",19,"spd","HB","2015-05-10","SPD",NA
"134","hb",20,"afd","HB","2019-05-26","AfD",NA
"135","hb",20,"biw","HB","2019-05-26","BIW",NA
"136","hb",20,"cdu","HB","2019-05-26","CDU",NA
"137","hb",20,"fdp","HB","2019-05-26","FDP",NA
"138","hb",20,"grn","HB","2019-05-26","Grüne",NA
"139","hb",20,"lfm","HB","2019-05-26",NA,"Short lived parliamentary group"
"140","hb",20,"lin","HB","2019-05-26","Linke",NA
"141","hb",20,"lkr","HB","2019-05-26",NA,NA
"142","hb",20,"mrf","HB","2019-05-26",NA,"Short lived parliamentary group"
"143","hb",20,"spd","HB","2019-05-26","SPD",NA
"144","hb",21,"büd","HB","2023-05-14","BIW","BIW merged with Bündnis Deutschland shortly after the election"
"145","hb",21,"cdu","HB","2023-05-14","CDU",NA
"146","hb",21,"fdp","HB","2023-05-14","FDP",NA
"147","hb",21,"grn","HB","2023-05-14","Grüne",NA
"148","hb",21,"lin","HB","2023-05-14","Linke",NA
"149","hb",21,"spd","HB","2023-05-14","SPD",NA
"150","he",16,"cdu","HE","2003-02-02","CDU",NA
"151","he",16,"fdp","HE","2003-02-02","FDP",NA
"152","he",16,"grn","HE","2003-02-02","Grüne",NA
"153","he",16,"spd","HE","2003-02-02","SPD",NA
"154","he",17,"cdu","HE","2008-01-27","CDU",NA
"155","he",17,"fdp","HE","2008-01-27","FDP",NA
"156","he",17,"grn","HE","2008-01-27","Grüne",NA
"157","he",17,"lin","HE","2008-01-27","Linke",NA
"158","he",17,"spd","HE","2008-01-27","SPD",NA
"159","he",18,"cdu","HE","2009-01-18","CDU",NA
"160","he",18,"fdp","HE","2009-01-18","FDP",NA
"161","he",18,"grn","HE","2009-01-18","Grüne",NA
"162","he",18,"lin","HE","2009-01-18","Linke",NA
"163","he",18,"spd","HE","2009-01-18","SPD",NA
"164","he",19,"cdu","HE","2013-09-22","CDU",NA
"165","he",19,"fdp","HE","2013-09-22","FDP",NA
"166","he",19,"grn","HE","2013-09-22","Grüne",NA
"167","he",19,"lin","HE","2013-09-22","Linke",NA
"168","he",19,"spd","HE","2013-09-22","SPD",NA
"169","he",20,"afd","HE","2018-10-28","AfD",NA
"170","he",20,"cdu","HE","2018-10-28","CDU",NA
"171","he",20,"fdp","HE","2018-10-28","FDP",NA
"172","he",20,"grn","HE","2018-10-28","Grüne",NA
"173","he",20,"lin","HE","2018-10-28","Linke",NA
"174","he",20,"spd","HE","2018-10-28","SPD",NA
"175","hh",16,"cdu","HH","1997-09-21","CDU",NA
"176","hh",16,"grn","HH","1997-09-21","Grüne",NA
"177","hh",16,"rgn","HH","1997-09-21",NA,"Short lived parliamentary group"
"178","hh",16,"spd","HH","1997-09-21","SPD",NA
"179","hh",17,"cdu","HH","2001-09-23","CDU",NA
"180","hh",17,"fdp","HH","2001-09-23","FDP",NA
"181","hh",17,"grn","HH","2001-09-23","Grüne",NA
"182","hh",17,"pro","HH","2001-09-23","PRO (Schill)",NA
"183","hh",17,"spd","HH","2001-09-23","SPD",NA
"184","hh",18,"cdu","HH","2004-02-29","CDU",NA
"185","hh",18,"grn","HH","2004-02-29","Grüne",NA
"186","hh",18,"spd","HH","2004-02-29","SPD",NA
"187","hh",19,"cdu","HH","2008-02-24","CDU",NA
"188","hh",19,"grn","HH","2008-02-24","Grüne",NA
"189","hh",19,"lin","HH","2008-02-24","Linke",NA
"190","hh",19,"spd","HH","2008-02-24","SPD",NA
"191","hh",20,"cdu","HH","2011-02-20","CDU",NA
"192","hh",20,"fdp","HH","2011-02-20","FDP",NA
"193","hh",20,"grn","HH","2011-02-20","Grüne",NA
"194","hh",20,"lin","HH","2011-02-20","Linke",NA
"195","hh",20,"spd","HH","2011-02-20","SPD",NA
"196","hh",21,"afd","HH","2015-02-15","AfD",NA
"197","hh",21,"cdu","HH","2015-02-15","CDU",NA
"198","hh",21,"fdp","HH","2015-02-15","FDP",NA
"199","hh",21,"grn","HH","2015-02-15","Grüne",NA
"200","hh",21,"lin","HH","2015-02-15","Linke",NA
"201","hh",21,"spd","HH","2015-02-15","SPD",NA
"202","hh",22,"afd","HH","2020-02-23","AfD",NA
"203","hh",22,"cdu","HH","2020-02-23","CDU",NA
"204","hh",22,"grn","HH","2020-02-23","Grüne",NA
"205","hh",22,"lin","HH","2020-02-23","Linke",NA
"206","hh",22,"spd","HH","2020-02-23","SPD",NA
"207","mv",3,"cdu","MV","1998-09-27","CDU",NA
"208","mv",3,"lin","MV","1998-09-27","Linke",NA
"209","mv",3,"spd","MV","1998-09-27","SPD",NA
"210","mv",4,"cdu","MV","2002-09-22","CDU",NA
"211","mv",4,"lin","MV","2002-09-22","Linke",NA
"212","mv",4,"spd","MV","2002-09-22","SPD",NA
"213","mv",5,"cdu","MV","2006-09-17","CDU",NA
"214","mv",5,"fdp","MV","2006-09-17","FDP",NA
"215","mv",5,"lin","MV","2006-09-17","Linke",NA
"216","mv",5,"npd","MV","2006-09-17","NPD",NA
"217","mv",5,"spd","MV","2006-09-17","SPD",NA
"218","mv",6,"cdu","MV","2011-09-04","CDU",NA
"219","mv",6,"grn","MV","2011-09-04","Grüne",NA
"220","mv",6,"lin","MV","2011-09-04","Linke",NA
"221","mv",6,"npd","MV","2011-09-04","NPD",NA
"222","mv",6,"spd","MV","2011-09-04","SPD",NA
"223","mv",7,"afd","MV","2016-09-04","AfD",NA
"224","mv",7,"bmv","MV","2016-09-04",NA,"Split from AfD later merged with FW-MV"
"225","mv",7,"cdu","MV","2016-09-04","CDU",NA
"226","mv",7,"frw","MV","2016-09-04","FW-MV",NA
"227","mv",7,"lin","MV","2016-09-04","Linke",NA
"228","mv",7,"spd","MV","2016-09-04","SPD",NA
"229","mv",8,"afd","MV","2021-09-26","AfD",NA
"230","mv",8,"cdu","MV","2021-09-26","CDU",NA
"231","mv",8,"fdp","MV","2021-09-26","FDP",NA
"232","mv",8,"grn","MV","2021-09-26","Grüne",NA
"233","mv",8,"lin","MV","2021-09-26","Linke",NA
"234","mv",8,"spd","MV","2021-09-26","SPD",NA
"235","ni",14,"cdu","NI","1998-03-01","CDU",NA
"236","ni",14,"grn","NI","1998-03-01","Grüne",NA
"237","ni",14,"spd","NI","1998-03-01","SPD",NA
"238","ni",15,"cdu","NI","2003-02-02","CDU",NA
"239","ni",15,"fdp","NI","2003-02-02","FDP",NA
"240","ni",15,"grn","NI","2003-02-02","Grüne",NA
"241","ni",15,"spd","NI","2003-02-02","SPD",NA
"242","ni",16,"cdu","NI","2008-01-27","CDU",NA
"243","ni",16,"fdp","NI","2008-01-27","FDP",NA
"244","ni",16,"grn","NI","2008-01-27","Grüne",NA
"245","ni",16,"lin","NI","2008-01-27","Linke",NA
"246","ni",16,"spd","NI","2008-01-27","SPD",NA
"247","ni",17,"cdu","NI","2013-01-20","CDU",NA
"248","ni",17,"fdp","NI","2013-01-20","FDP",NA
"249","ni",17,"grn","NI","2013-01-20","Grüne",NA
"250","ni",17,"spd","NI","2013-01-20","SPD",NA
"251","ni",18,"afd","NI","2017-10-15","AfD",NA
"252","ni",18,"cdu","NI","2017-10-15","CDU",NA
"253","ni",18,"fdp","NI","2017-10-15","FDP",NA
"254","ni",18,"grn","NI","2017-10-15","Grüne",NA
"255","ni",18,"spd","NI","2017-10-15","SPD",NA
"256","ni",19,"afd","NI","2022-10-09","AfD",NA
"257","ni",19,"cdu","NI","2022-10-09","CDU",NA
"258","ni",19,"grn","NI","2022-10-09","Grüne",NA
"259","ni",19,"spd","NI","2022-10-09","SPD",NA
"260","nw",13,"cdu","NW","2000-05-14","CDU",NA
"261","nw",13,"fdp","NW","2000-05-14","FDP",NA
"262","nw",13,"grn","NW","2000-05-14","Grüne",NA
"263","nw",13,"spd","NW","2000-05-14","SPD",NA
"264","nw",14,"cdu","NW","2005-05-22","CDU",NA
"265","nw",14,"fdp","NW","2005-05-22","FDP",NA
"266","nw",14,"grn","NW","2005-05-22","Grüne",NA
"267","nw",14,"spd","NW","2005-05-22","SPD",NA
"268","nw",15,"cdu","NW","2010-05-09","CDU",NA
"269","nw",15,"fdp","NW","2010-05-09","FDP",NA
"270","nw",15,"grn","NW","2010-05-09","Grüne",NA
"271","nw",15,"lin","NW","2010-05-09","Linke",NA
"272","nw",15,"spd","NW","2010-05-09","SPD",NA
"273","nw",16,"cdu","NW","2012-05-13","CDU",NA
"274","nw",16,"fdp","NW","2012-05-13","FDP",NA
"275","nw",16,"grn","NW","2012-05-13","Grüne",NA
"276","nw",16,"pir","NW","2012-05-13","Piraten",NA
"277","nw",16,"spd","NW","2012-05-13","SPD",NA
"278","nw",17,"afd","NW","2017-05-14","AfD",NA
"279","nw",17,"cdu","NW","2017-05-14","CDU",NA
"280","nw",17,"fdp","NW","2017-05-14","FDP",NA
"281","nw",17,"grn","NW","2017-05-14","Grüne",NA
"282","nw",17,"spd","NW","2017-05-14","SPD",NA
"283","nw",18,"afd","NW","2022-05-15","AfD",NA
"284","nw",18,"cdu","NW","2022-05-15","CDU",NA
"285","nw",18,"fdp","NW","2022-05-15","FDP",NA
"286","nw",18,"grn","NW","2022-05-15","Grüne",NA
"287","nw",18,"spd","NW","2022-05-15","SPD",NA
"288","rp",13,"cdu","RP","1996-03-24","CDU",NA
"289","rp",13,"fdp","RP","1996-03-24","FDP",NA
"290","rp",13,"grn","RP","1996-03-24","Grüne",NA
"291","rp",13,"spd","RP","1996-03-24","SPD",NA
"292","rp",14,"cdu","RP","2001-03-25","CDU",NA
"293","rp",14,"fdp","RP","2001-03-25","FDP",NA
"294","rp",14,"grn","RP","2001-03-25","Grüne",NA
"295","rp",14,"spd","RP","2001-03-25","SPD",NA
"296","rp",15,"cdu","RP","2006-03-26","CDU",NA
"297","rp",15,"fdp","RP","2006-03-26","FDP",NA
"298","rp",15,"spd","RP","2006-03-26","SPD",NA
"299","rp",16,"cdu","RP","2011-03-27","CDU",NA
"300","rp",16,"grn","RP","2011-03-27","Grüne",NA
"301","rp",16,"spd","RP","2011-03-27","SPD",NA
"302","rp",17,"afd","RP","2016-03-13","AfD",NA
"303","rp",17,"cdu","RP","2016-03-13","CDU",NA
"304","rp",17,"fdp","RP","2016-03-13","FDP",NA
"305","rp",17,"grn","RP","2016-03-13","Grüne",NA
"306","rp",17,"spd","RP","2016-03-13","SPD",NA
"307","rp",18,"afd","RP","2021-03-14","AfD",NA
"308","rp",18,"cdu","RP","2021-03-14","CDU",NA
"309","rp",18,"fdp","RP","2021-03-14","FDP",NA
"310","rp",18,"frw","RP","2021-03-14","FW-RP",NA
"311","rp",18,"grn","RP","2021-03-14","Grüne",NA
"312","rp",18,"spd","RP","2021-03-14","SPD",NA
"313","sh",14,"cdu","SH","1996-03-24","CDU",NA
"314","sh",14,"fdp","SH","1996-03-24","FDP",NA
"315","sh",14,"grn","SH","1996-03-24","Grüne",NA
"316","sh",14,"spd","SH","1996-03-24","SPD",NA
"317","sh",14,"ssw","SH","1996-03-24","SSW",NA
"318","sh",15,"cdu","SH","2000-02-27","CDU",NA
"319","sh",15,"fdp","SH","2000-02-27","FDP",NA
"320","sh",15,"grn","SH","2000-02-27","Grüne",NA
"321","sh",15,"spd","SH","2000-02-27","SPD",NA
"322","sh",15,"ssw","SH","2000-02-27","SSW",NA
"323","sh",16,"cdu","SH","2005-02-20","CDU",NA
"324","sh",16,"fdp","SH","2005-02-20","FDP",NA
"325","sh",16,"grn","SH","2005-02-20","Grüne",NA
"326","sh",16,"spd","SH","2005-02-20","SPD",NA
"327","sh",16,"ssw","SH","2005-02-20","SSW",NA
"328","sh",17,"cdu","SH","2009-09-27","CDU",NA
"329","sh",17,"fdp","SH","2009-09-27","FDP",NA
"330","sh",17,"grn","SH","2009-09-27","Grüne",NA
"331","sh",17,"lin","SH","2009-09-27","Linke",NA
"332","sh",17,"spd","SH","2009-09-27","SPD",NA
"333","sh",17,"ssw","SH","2009-09-27","SSW",NA
"334","sh",18,"cdu","SH","2012-05-06","CDU",NA
"335","sh",18,"fdp","SH","2012-05-06","FDP",NA
"336","sh",18,"grn","SH","2012-05-06","Grüne",NA
"337","sh",18,"pir","SH","2012-05-06","Piraten",NA
"338","sh",18,"spd","SH","2012-05-06","SPD",NA
"339","sh",18,"ssw","SH","2012-05-06","SSW",NA
"340","sh",19,"afd","SH","2017-05-07","AfD",NA
"341","sh",19,"cdu","SH","2017-05-07","CDU",NA
"342","sh",19,"fdp","SH","2017-05-07","FDP",NA
"343","sh",19,"grn","SH","2017-05-07","Grüne",NA
"344","sh",19,"spd","SH","2017-05-07","SPD",NA
"345","sh",19,"ssw","SH","2017-05-07","SSW",NA
"346","sh",20,"cdu","SH","2022-05-08","CDU",NA
"347","sh",20,"fdp","SH","2022-05-08","FDP",NA
"348","sh",20,"grn","SH","2022-05-08","Grüne",NA
"349","sh",20,"spd","SH","2022-05-08","SPD",NA
"350","sh",20,"ssw","SH","2022-05-08","SSW",NA
"351","sl",15,"cdu","SL","2012-03-25","CDU",NA
"352","sl",15,"grn","SL","2012-03-25","Grüne",NA
"353","sl",15,"lin","SL","2012-03-25","Linke",NA
"354","sl",15,"pir","SL","2012-03-25","Piraten",NA
"355","sl",15,"spd","SL","2012-03-25","SPD",NA
"356","sl",16,"afd","SL","2017-03-26","AfD",NA
"357","sl",16,"cdu","SL","2017-03-26","CDU",NA
"358","sl",16,"lin","SL","2017-03-26","Linke",NA
"359","sl",16,"spd","SL","2017-03-26","SPD",NA
"360","sl",17,"afd","SL","2022-03-27","AfD",NA
"361","sl",17,"cdu","SL","2022-03-27","CDU",NA
"362","sl",17,"spd","SL","2022-03-27","SPD",NA
"363","sn",4,"cdu","SN","2004-09-19","CDU",NA
"364","sn",4,"fdp","SN","2004-09-19","FDP",NA
"365","sn",4,"grn","SN","2004-09-19","Grüne",NA
"366","sn",4,"lin","SN","2004-09-19","Linke",NA
"367","sn",4,"npd","SN","2004-09-19","NPD",NA
"368","sn",4,"spd","SN","2004-09-19","SPD",NA
"369","sn",5,"cdu","SN","2009-08-30","CDU",NA
"370","sn",5,"fdp","SN","2009-08-30","FDP",NA
"371","sn",5,"grn","SN","2009-08-30","Grüne",NA
"372","sn",5,"lin","SN","2009-08-30","Linke",NA
"373","sn",5,"npd","SN","2009-08-30","NPD",NA
"374","sn",5,"spd","SN","2009-08-30","SPD",NA
"375","sn",6,"afd","SN","2014-08-31","AfD",NA
"376","sn",6,"cdu","SN","2014-08-31","CDU",NA
"377","sn",6,"grn","SN","2014-08-31","Grüne",NA
"378","sn",6,"lin","SN","2014-08-31","Linke",NA
"379","sn",6,"spd","SN","2014-08-31","SPD",NA
"380","sn",7,"afd","SN","2019-09-01","AfD",NA
"381","sn",7,"cdu","SN","2019-09-01","CDU",NA
"382","sn",7,"grn","SN","2019-09-01","Grüne",NA
"383","sn",7,"lin","SN","2019-09-01","Linke",NA
"384","sn",7,"spd","SN","2019-09-01","SPD",NA
"385","st",3,"cdu","ST","1998-04-26","CDU",NA
"386","st",3,"dvu","ST","1998-04-26","DVU",NA
"387","st",3,"fvp","ST","1998-04-26",NA,"Split from DVU"
"388","st",3,"lin","ST","1998-04-26","Linke",NA
"389","st",3,"spd","ST","1998-04-26","SPD",NA
"390","st",4,"cdu","ST","2002-04-21","CDU",NA
"391","st",4,"fdp","ST","2002-04-21","FDP",NA
"392","st",4,"lin","ST","2002-04-21","Linke",NA
"393","st",4,"spd","ST","2002-04-21","SPD",NA
"394","st",5,"cdu","ST","2006-03-26","CDU",NA
"395","st",5,"fdp","ST","2006-03-26","FDP",NA
"396","st",5,"lin","ST","2006-03-26","Linke",NA
"397","st",5,"spd","ST","2006-03-26","SPD",NA
"398","st",6,"cdu","ST","2011-03-20","CDU",NA
"399","st",6,"grn","ST","2011-03-20","Grüne",NA
"400","st",6,"lin","ST","2011-03-20","Linke",NA
"401","st",6,"spd","ST","2011-03-20","SPD",NA
"402","st",7,"afd","ST","2016-03-13","AfD",NA
"403","st",7,"cdu","ST","2016-03-13","CDU",NA
"404","st",7,"grn","ST","2016-03-13","Grüne",NA
"405","st",7,"lin","ST","2016-03-13","Linke",NA
"406","st",7,"spd","ST","2016-03-13","SPD",NA
"407","st",8,"afd","ST","2021-06-06","AfD",NA
"408","st",8,"cdu","ST","2021-06-06","CDU",NA
"409","st",8,"fdp","ST","2021-06-06","FDP",NA
"410","st",8,"grn","ST","2021-06-06","Grüne",NA
"411","st",8,"lin","ST","2021-06-06","Linke",NA
"412","st",8,"spd","ST","2021-06-06","SPD",NA
"413","th",3,"cdu","TH","1999-09-12","CDU",NA
"414","th",3,"lin","TH","1999-09-12","Linke",NA
"415","th",3,"spd","TH","1999-09-12","SPD",NA
"416","th",4,"cdu","TH","2004-06-13","CDU",NA
"417","th",4,"lin","TH","2004-06-13","Linke",NA
"418","th",4,"spd","TH","2004-06-13","SPD",NA
"419","th",5,"cdu","TH","2009-08-30","CDU",NA
"420","th",5,"fdp","TH","2009-08-30","FDP",NA
"421","th",5,"grn","TH","2009-08-30","Grüne",NA
"422","th",5,"lin","TH","2009-08-30","Linke",NA
"423","th",5,"spd","TH","2009-08-30","SPD",NA
"424","th",6,"afd","TH","2014-09-14","AfD",NA
"425","th",6,"cdu","TH","2014-09-14","CDU",NA
"426","th",6,"grn","TH","2014-09-14","Grüne",NA
"427","th",6,"lin","TH","2014-09-14","Linke",NA
"428","th",6,"spd","TH","2014-09-14","SPD",NA
"429","th",7,"afd","TH","2019-10-27","AfD",NA
"430","th",7,"bft","TH","2019-10-27",NA,"Short lived parliamentary group of former FDP and AfD members"
"431","th",7,"cdu","TH","2019-10-27","CDU",NA
"432","th",7,"fdp","TH","2019-10-27","FDP",NA
"433","th",7,"grn","TH","2019-10-27","Grüne",NA
"434","th",7,"lin","TH","2019-10-27","Linke",NA
"435","th",7,"spd","TH","2019-10-27","SPD",NA
