"","state","gov_id","landtag_state_abb","cabinet"
"1","BB","10501;10502","bb","Stolpe I"
"2","BB","10503","bb","Stolpe II"
"3","BB","10504","bb","Stolpe III"
"4","BB","10505","bb","Platzeck I"
"5","BB","10506","bb","Platzeck II"
"6","BB","10507","bb","Platzeck III"
"7","BB","10508","bb","Woidke I"
"8","BB","10509","bb","Woidke II"
"9","BE","10420","be","Diepgen III"
"10","BE","10421","be","Diepgen IV"
"11","BE","10422","be","Diepgen V"
"12","BE","10423","be","Wowereit I"
"13","BE","10424","be","Wowereit II"
"14","BE","10429","be","Wowereit III"
"15","BE","10430","be","Wowereit IV"
"16","BE","10431","be","Müller I"
"17","BE","10432","be","Müller II"
"18","BW","10214","bw","Späth IV"
"19","BW","10215","bw","Teufel I"
"20","BW","10216","bw","Teufel II"
"21","BW","10217","bw","Teufel III"
"22","BW","10218","bw","Teufel IV"
"23","BW","10219","bw","Oettinger I"
"24","BW","10220","bw","Oettinger II"
"25","BW","10221","bw","Kabinett Mappus I"
"26","BW","10222","bw","Kabinett Kretschmann I"
"27","BW","10223","bw","Kabinett Kretschmann II"
"28","BY","10316","by","Streibl II"
"29","BY","10317","by","Stoiber I"
"30","BY","10318","by","Stoiber II"
"31","BY","10319","by","Stoiber III"
"32","BY","10320","by","Stoiber IV"
"33","BY","10321","by","Beckstein I"
"34","BY","10322","by","Seehofer I"
"35","BY","10323","by","Seehofer II"
"36","BY","10324","by","Söder I"
"37","HB","10614","hb","Wedemeier II"
"38","HB","10615;10616","hb","Wedemeier III"
"39","HB","10617","hb","Scherf I"
"40","HB","10618","hb","Scherf II"
"41","HB","10619","hb","Scherf III"
"42","HB","10622","hb","Böhrnsen I"
"43","HB","10623","hb","Böhrnsen II"
"44","HB","10624","hb","Böhrnsen III"
"45","HB","10625","hb","Sieling I"
"46","HE","10716","he","Wallmann I"
"47","HE","10717","he","Eichel I"
"48","HE","10718","he","Eichel II"
"49","HE","10719","he","Koch I"
"50","HE","10720","he","Koch II"
"51","HE","10721","he","Koch II (geschäftsführend)"
"52","HE","10722","he","Koch III"
"53","HE","10723","he","Bouffier I"
"54","HE","10724","he","Bouffier II"
"55","HE","10725","he","Bouffier III"
"56","HH","10822","hh","Voscherau II"
"57","HH","10823","hh","Voscherau III"
"58","HH","10824","hh","Runde I"
"59","HH","10825","hh","Von Beust I"
"60","HH","10826","hh","Von Beust II"
"61","HH","10827","hh","Von Beust III"
"62","HH","10828;10829","hh","Alhaus I"
"63","HH","10830","hh","Scholz I"
"64","HH","10831","hh","Scholz II"
"65","HH","10832","hh","Tschentscher I"
"66","MV","10901","mv","Gomolka I"
"67","MV","10902","mv","Seite I"
"68","MV","10903","mv","Seite II"
"69","MV","10904","mv","Ringstorff I"
"70","MV","10905","mv","Ringstorff II"
"71","MV","10906","mv","Ringstorff III"
"72","MV","10910","mv","Sellering I"
"73","MV","10911","mv","Sellering II"
"74","MV","10912","mv","Sellering III"
"75","MV","10913","mv","Schwesig I"
"76","NI","11022","ni","Schröder I"
"77","NI","11023","ni","Schröder II"
"78","NI","11024","ni","Schröder III"
"79","NI","11025","ni","Glogowski I"
"80","NI","11026","ni","Gabriel I"
"81","NI","11027","ni","Wulff I"
"82","NI","11028","ni","Wulff II"
"83","NI","11029","ni","McAllister I"
"84","NI","11030","ni","Weil I"
"85","NI","11031","ni","Weil II"
"86","NW","11117","nw","Rau IV"
"87","NW","11118","nw","Rau V"
"88","NW","11119","nw","Clement I"
"89","NW","11120","nw","Clement II"
"90","NW","11121","nw","Steinbrück I"
"91","NW","11122","nw","Rüttgers I"
"92","NW","11123","nw","Kraft I"
"93","NW","11124","nw","Kraft II"
"94","NW","11125","nw","Laschet I"
"95","RP","11218","rp","Scharping I"
"96","RP","11219","rp","Beck I"
"97","RP","11220","rp","Beck II"
"98","RP","11221","rp","Beck III"
"99","RP","11222","rp","Beck IV"
"100","RP","11223","rp","Beck V"
"101","RP","11224","rp","Dreyer I"
"102","RP","11225","rp","Dreyer II"
"103","SH","11621","sh","Engholm I"
"104","SH","11622","sh","Engholm II"
"105","SH","11623","sh","Simonis I"
"106","SH","11624","sh","Simonis II"
"107","SH","11625","sh","Simonis III"
"108","SH","11626","sh","Carstensen I"
"109","SH","11627","sh","Carstensen II"
"110","SH","11628","sh","Albig I"
"111","SH","11629","sh","Günther I"
"112","SL","11309","sl","Lafontaine II"
"113","SL","11310","sl","Lafontaine III"
"114","SL","11311","sl","Klimmt I"
"115","SL","11312","sl","Müller I"
"116","SL","11313","sl","Müller II"
"117","SL","11324","sl","Müller III"
"118","SL","11325;11326","sl","Kramp-Karrenbauer I"
"119","SL","11327","sl","Kramp-Karrenbauer II"
"120","SL","11328","sl","Kramp-Karrenbauer III"
"121","SL","11329","sl","Kabinett Hans I"
"122","SN","11401","sn","Biedenkopf I"
"123","SN","11402","sn","Biedenkopf II"
"124","SN","11403","sn","Biedenkopf III"
"125","SN","11404","sn","Milbradt I"
"126","SN","11405","sn","Milbradt II"
"127","SN","11406","sn","Tillich I"
"128","SN","11407","sn","Tillich II"
"129","SN","11408","sn","Tillich III"
"130","SN","11409","sn","Kretschmer I"
"131","ST","11501","st","Gies I"
"132","ST","11502","st","Münch I"
"133","ST","11503","st","Bergner I"
"134","ST","11504","st","Höppner I"
"135","ST","11505","st","Höppner II"
"136","ST","11506","st","Böhmer I"
"137","ST","11507","st","Böhmer II"
"138","ST","11508","st","Haseloff I"
"139","ST","11509","st","Haseloff II"
"140","TH","11701","th","Duchač I"
"141","TH","11702","th","Vogel I"
"142","TH","11703","th","Vogel II"
"143","TH","11704","th","Vogel III"
"144","TH","11705","th","Althaus I"
"145","TH","11706","th","Althaus II"
"146","TH","11707","th","Lieberknecht I"
"147","TH","11708","th","Ramelow I"
"148","TH","11709","th","Kemmerich I"
